team;link;FR;DE;EN;IT
3rd party ERP/ Logistic Tools Services;https://galenica.atlassian.net/servicedesk/customer/portal/14/group/22/create/46;AbbVie;AbbVie;AbbVie;AbbVie
3rd party ERP/ Logistic Tools Services;https://galenica.atlassian.net/servicedesk/customer/portal/14/group/22/create/46;Applications d'accès Alloga;Alloga Access-Anwendungen;Alloga Access Applications;Applicazioni di accesso Alloga
3rd party ERP/ Logistic Tools Services;https://galenica.atlassian.net/servicedesk/customer/portal/14/group/22/create/46;Baceye;Baceye;Baceye;Baceye
3rd party ERP/ Logistic Tools Services;https://galenica.atlassian.net/servicedesk/customer/portal/14/group/22/create/46;ERP de mélange (Version 8.2);Blending ERP (Version 8.2);Blending ERP (Version 8.2);Blending ERP (versione 8.2)
3rd party ERP/ Logistic Tools Services;https://galenica.atlassian.net/servicedesk/customer/portal/14/group/22/create/46;CCH Tagetik;CCH Tagetik;CCH Tagetik;CCH Tagetik
3rd party ERP/ Logistic Tools Services;https://galenica.atlassian.net/servicedesk/customer/portal/14/group/22/create/46;Assistant CCIS;CCIS Assistant;CCIS Assistant;Assistente CCIS
3rd party ERP/ Logistic Tools Services;https://galenica.atlassian.net/servicedesk/customer/portal/14/group/22/create/46;ColdStream;ColdStream;ColdStream;ColdStream
3rd party ERP/ Logistic Tools Services;https://galenica.atlassian.net/servicedesk/customer/portal/14/group/22/create/46;Directroy;Directroy;Directroy;Directroy
3rd party ERP/ Logistic Tools Services;https://galenica.atlassian.net/servicedesk/customer/portal/14/group/22/create/46;EasyOne Connect;EasyOne Connect;EasyOne Connect;EasyOne Connect
3rd party ERP/ Logistic Tools Services;https://galenica.atlassian.net/servicedesk/customer/portal/14/group/22/create/46;ELPRO;ELPRO;ELPRO;ELPRO
3rd party ERP/ Logistic Tools Services;https://galenica.atlassian.net/servicedesk/customer/portal/14/group/22/create/46;Golden Gate;Golden Gate;Golden Gate;Golden Gate
3rd party ERP/ Logistic Tools Services;https://galenica.atlassian.net/servicedesk/customer/portal/14/group/22/create/46;Hyperion;Hyperion;Hyperion;Hyperion
3rd party ERP/ Logistic Tools Services;https://galenica.atlassian.net/servicedesk/customer/portal/14/group/22/create/46;IBM iAccess;IBM iAccess;IBM iAccess;IBM iAccess
3rd party ERP/ Logistic Tools Services;https://galenica.atlassian.net/servicedesk/customer/portal/14/group/22/create/46;IsproNG;IsproNG;IsproNG;IsproNG
3rd party ERP/ Logistic Tools Services;https://galenica.atlassian.net/servicedesk/customer/portal/14/group/22/create/46;Baceye;Baceye;Baceye;Baceye
3rd party ERP/ Logistic Tools Services;https://galenica.atlassian.net/servicedesk/customer/portal/14/group/22/create/46;Assistant CCIS;CCIS Assistant;CCIS Assistant;Assistente CCIS
3rd party ERP/ Logistic Tools Services;https://galenica.atlassian.net/servicedesk/customer/portal/14/group/22/create/46;EasyOne Connect;EasyOne Connect;EasyOne Connect;EasyOne Connect
3rd party ERP/ Logistic Tools Services;https://galenica.atlassian.net/servicedesk/customer/portal/14/group/22/create/46;IBM iAccess;IBM iAccess;IBM iAccess;IBM iAccess
3rd party ERP/ Logistic Tools Services;https://galenica.atlassian.net/servicedesk/customer/portal/14/group/22/create/46;Lighthouse;Lighthouse;Lighthouse;Lighthouse
3rd party ERP/ Logistic Tools Services;https://galenica.atlassian.net/servicedesk/customer/portal/14/group/22/create/46;LMS (Express 8 & Pharma6.69);LMS (Express 8 & Pharma 6.69);LMS (Express 8 & Pharma6.69);LMS (Express 8 e Pharma6.69)
3rd party ERP/ Logistic Tools Services;https://galenica.atlassian.net/servicedesk/customer/portal/14/group/22/create/46;Logifleet;Logifleet;Logifleet;Logifleet
3rd party ERP/ Logistic Tools Services;https://galenica.atlassian.net/servicedesk/customer/portal/14/group/22/create/46;LogTag Analyzer;LogTag Analyzer;LogTag Analyzer;LogTag Analyzer
3rd party ERP/ Logistic Tools Services;https://galenica.atlassian.net/servicedesk/customer/portal/14/group/22/create/46;Lotus Notes (système de base de données);Lotus Notes (Datenbanksystem);Lotus Notes (Database System);Lotus Notes (sistema di database)
3rd party ERP/ Logistic Tools Services;https://galenica.atlassian.net/servicedesk/customer/portal/14/group/22/create/46;Medtech SharePoint;Medtech SharePoint;Medtech SharePoint;Medtech SharePoint
3rd party ERP/ Logistic Tools Services;https://galenica.atlassian.net/servicedesk/customer/portal/14/group/22/create/46;Microsoft Dynamics AX;Microsoft Dynamics AX;Microsoft Dynamics AX;Microsoft Dynamics AX
3rd party ERP/ Logistic Tools Services;https://galenica.atlassian.net/servicedesk/customer/portal/14/group/22/create/46;Navision 2013 Bichsel;Navision 2013 Bichsel;Navision 2013 Bichsel;Navision 2013 Bichsel
3rd party ERP/ Logistic Tools Services;https://galenica.atlassian.net/servicedesk/customer/portal/14/group/22/create/46;NOX CS9 PC Bedienteil MP7;NOX CS9 PC Bedienteil MP7;NOX CS9 PC Bedienteil MP7;NOX CS9 PC Bedienteil MP7
3rd party ERP/ Logistic Tools Services;https://galenica.atlassian.net/servicedesk/customer/portal/14/group/22/create/46;Orbitvu Station;Orbitvu Station;Orbitvu Station;Orbitvu Station
3rd party ERP/ Logistic Tools Services;https://galenica.atlassian.net/servicedesk/customer/portal/14/group/22/create/46;PicturePark;PicturePark;PicturePark;PicturePark
3rd party ERP/ Logistic Tools Services;https://galenica.atlassian.net/servicedesk/customer/portal/14/group/22/create/46;PRIVA Top Control;PRIVA Top Control;PRIVA Top Control;PRIVA Top Control
3rd party ERP/ Logistic Tools Services;https://galenica.atlassian.net/servicedesk/customer/portal/14/group/22/create/46;Rotronic RMS;Rotronic RMS;Rotronic RMS;Rotronic RMS
3rd party ERP/ Logistic Tools Services;https://galenica.atlassian.net/servicedesk/customer/portal/14/group/22/create/46;Salesforce Healthcloud;Salesforce Healthcloud;Salesforce Healthcloud;Salesforce Healthcloud
3rd party ERP/ Logistic Tools Services;https://galenica.atlassian.net/servicedesk/customer/portal/14/group/22/create/46;Selectline;Selectline;Selectline;Selectline
3rd party ERP/ Logistic Tools Services;https://galenica.atlassian.net/servicedesk/customer/portal/14/group/22/create/46;Servicedesk Pro;Servicedesk Pro;Servicedesk Pro;Servicedesk Pro
3rd party ERP/ Logistic Tools Services;https://galenica.atlassian.net/servicedesk/customer/portal/14/group/22/create/46;TaxWare;TaxWare;TaxWare;TaxWare
3rd party ERP/ Logistic Tools Services;https://galenica.atlassian.net/servicedesk/customer/portal/14/group/22/create/46;Template Manager Desktop;Template Manager Desktop;Template Manager Desktop;Template Manager Desktop
3rd party ERP/ Logistic Tools Services;https://galenica.atlassian.net/servicedesk/customer/portal/14/group/22/create/105;Droits d'accès PEEM;PEEM-Zugriffsrechte;PEEM Access Rights;Diritti di accesso PEEM
3rd party ERP/ Logistic Tools Services;https://galenica.atlassian.net/servicedesk/customer/portal/14/group/22/create/89;Demande autorisation Navision Bichsel;Navision Bichsel Autorisierungsanfrage;Navision Bichsel Authorization Request;Richiesta di autorizzazione Navision Bichsel
3rd party ERP/ Logistic Tools Services;https://galenica.atlassian.net/servicedesk/customer/portal/14/group/22/create/101;Demande pour informatiques techniques;Technische IT-Anfrage;Technical IT Request;Richiesta IT tecnica
AWP Retail Services;https://galenica.atlassian.net/servicedesk/customer/portal/32/group/36/create/77;Power BI;Power BI;Power BI;Power BI
AWP Retail Services;https://galenica.atlassian.net/servicedesk/customer/portal/32/group/36/create/77;Tabular Editor 2.0;Tabelleneditor 2.0;Tabular Editor 2.0;Editor tabulare 2.0
AWP Retail Services;https://galenica.atlassian.net/servicedesk/customer/portal/32/group/36/create/77;DAX Studio;DAX Studio;DAX Studio;DAX Studio
Client Management Services;https://galenica.atlassian.net/servicedesk/customer/portal/40/group/44/create/91;Gestion du matériel client (à l'échelle de l'entreprise);Client-Hardwareverwaltung (unternehmensweit);Client Hardware Management (enterprise-wide);Gestione hardware client (a livello aziendale)
Client Management Services;https://galenica.atlassian.net/servicedesk/customer/portal/40/group/44/create/91;Paramètres du système d'exploitation client (à l'échelle de l'entreprise);Client-Betriebssystemeinstellungen (unternehmensweit);Client Operating System Settings (enterprise-wide);Impostazioni del sistema operativo client (a livello aziendale)
Client Management Services;https://galenica.atlassian.net/servicedesk/customer/portal/40/group/44/create/91;Gestion des imprimantes (à l'échelle de l'entreprise);Druckerverwaltung (unternehmensweit);Printer Management (enterprise-wide);Gestione stampanti (a livello aziendale)
Client Management Services;https://galenica.atlassian.net/servicedesk/customer/portal/40/group/44/create/91;Public et privé Certificats SSL;Öffentliche und private SSL-Zertifikate;Public and Private SSL Certificates;Certificati SSL pubblici e privati
Client Management Services;https://galenica.atlassian.net/servicedesk/customer/portal/40/group/44/create/317;Commander l'emballage d'un logiciel autorisé par Galenica pour distribution aux utilisateurs en tant que propriétaire de l'application;Paketierung von Galenica-autorisierter Software zur Verteilung an Benutzer als Anwendungseigentümer bestellen;Order packaging of Galenica-authorized software for distribution to users as the application owner;Ordinazione del pacchetto software autorizzato Galenica per la distribuzione agli utenti in qualità di proprietari dell'applicazione
Client Management Services;https://galenica.atlassian.net/servicedesk/customer/portal/40/group/44/create/647;Activer un support de stockage USB pré-approuvé;Vorab genehmigten USB-Speicher aktivieren;Activate pre-approved USB storage;Attivazione di dispositivi di archiviazione USB pre-approvati
Collaboration & Communication & Corporate Tools Services;https://galenica.atlassian.net/servicedesk/customer/portal/9/group/13/create/37;Microsoft M365, y compris les produits Office (Word, Excel, Powerpoint);Microsoft M365, inkl. Office-Produkte (Word, Excel, PowerPoint);Microsoft M365, including Office products (Word, Excel, PowerPoint);Microsoft M365, inclusi i prodotti Office (Word, Excel, PowerPoint)
Collaboration & Communication & Corporate Tools Services;https://galenica.atlassian.net/servicedesk/customer/portal/9/group/13/create/37;Microsoft Teams;Microsoft Teams;Microsoft Teams;Microsoft Teams
Collaboration & Communication & Corporate Tools Services;https://galenica.atlassian.net/servicedesk/customer/portal/9/group/13/create/37;Microsoft SharePoint;Microsoft SharePoint;Microsoft SharePoint;Microsoft SharePoint
Collaboration & Communication & Corporate Tools Services;https://galenica.atlassian.net/servicedesk/customer/portal/9/group/13/create/37;Corporate Tools;Unternehmenstools;Corporate Tools;Strumenti aziendali
Collaboration & Communication & Corporate Tools Services;https://galenica.atlassian.net/servicedesk/customer/portal/9/group/13/create/37;Services vocaux;Sprachdienste;Voice Services;Servizi vocali
Collaboration & Communication & Corporate Tools Services;https://galenica.atlassian.net/servicedesk/customer/portal/9/group/13/create/37;Microsoft Exchange;Microsoft Exchange;Microsoft Exchange;Microsoft Exchange
Collaboration & Communication & Corporate Tools Services;https://galenica.atlassian.net/servicedesk/customer/portal/9/group/13/create/39;Commande de produits Adobe;Adobe-Produkte bestellen;Order Adobe Products;Ordinazione di prodotti Adobe
Collaboration & Communication & Corporate Tools Services;https://galenica.atlassian.net/servicedesk/customer/portal/9/group/13/create/581;Demande d'image / vidéo Adobe Stock;Adobe Stock-Bilder/-Videos anfordern;Request Adobe Stock Images/Videos;Richiesta di immagini/video Adobe Stock
Company Integrationen Services;https://galenica.atlassian.net/servicedesk/customer/portal/38/group/43/create/88;Extension ou de modification des entreprises du réseau Galenica qui ne sont pas totalement intégrées.;Erweiterung oder Änderung von Galenica-Netzwerkunternehmen, die nicht vollständig integriert sind;Extension or modification of Galenica network companies that are not fully integrated.;Estensione o modifica delle aziende della rete Galenica non completamente integrate.
CRM / Marketing Services;https://galenica.atlassian.net/servicedesk/customer/portal/5/group/7/create/40;Bynder;Bynder;Bynder;Bynder
CRM / Marketing Services;https://galenica.atlassian.net/servicedesk/customer/portal/5/group/7/create/40;D365 Marketing & Event;D365 Marketing & Events;D365 Marketing & Event;D365 Marketing & Eventi
CRM / Marketing Services;https://galenica.atlassian.net/servicedesk/customer/portal/5/group/7/create/40;FlippingBook, OT_Medical;FlippingBook, OT_Medizin;FlippingBook, OT_Medical;FlippingBook, OT_Medical
CRM / Marketing Services;https://galenica.atlassian.net/servicedesk/customer/portal/5/group/7/create/40;Pitcher;Pitcher;Pitcher;Pitcher
CRM / Marketing Services;https://galenica.atlassian.net/servicedesk/customer/portal/5/group/7/create/40;Veeva ComVault PromoMats;Veeva ComVault PromoMats;Veeva ComVault PromoMats;Veeva ComVault PromoMats
CRM / Marketing Services;https://galenica.atlassian.net/servicedesk/customer/portal/5/group/7/create/383;Demandes d'accès au CRM B2B (Espresso) pour des utilisateurs existants;B2B CRM (Espresso) Zugriffsanfragen für bestehende Benutzer;B2B CRM (Espresso) Access Requests for Existing Users;Richieste di accesso CRM B2B (Espresso) per utenti esistenti
Ctrl-Alt-Elite Services;https://galenica.atlassian.net/servicedesk/customer/portal/16/group/26/create/48;Outil d’aide en ligne Pharmacies;Online-Hilfe für Apotheken;Pharmacy Online Help Center;Centro assistenza Farmacia Online
Ctrl-Alt-Elite Services;https://galenica.atlassian.net/servicedesk/customer/portal/16/group/26/create/48;TriaPharm Intranet (Annuaire des distributeurs, Annuaire des fournisseurs);TriaPharm Intranet (Händlerverzeichnis, Lieferantenverzeichnis);TriaPharm Intranet (Distributor Directory, Supplier Directory);Intranet TriaPharm (Elenco distributori, Elenco fornitori)
Customer Knights Services;https://galenica.atlassian.net/servicedesk/customer/portal/28/group/31/create/73;BSI CRM (Customer Relationship Management);BSI CRM (Customer Relationship Management);BSI CRM (Customer Relationship Management);BSI CRM (Gestione delle relazioni con i clienti)
Customer Knights Services;https://galenica.atlassian.net/servicedesk/customer/portal/28/group/31/create/73;Auth0;Auth0;Auth0;Auth0
Customer Knights Services;https://galenica.atlassian.net/servicedesk/customer/portal/28/group/31/create/73;Prescription Inbox;Rezepteingang;Prescription Inbox;Casella di posta delle prescrizioni
Customer Knights Services;https://galenica.atlassian.net/servicedesk/customer/portal/28/group/31/create/73;Customer Identification Access Management (CIAM);Kundenidentifikations- und Zugriffsmanagement (CIAM);Customer Identification Access Management (CIAM);Gestione degli accessi per l'identificazione del cliente (CIAM)
Data & AI Platform Services;https://galenica.atlassian.net/servicedesk/customer/portal/33/group/37/create/78;GCA Data Lake;GCA Data Lake;GCA Data Lake;GCA Data Lake
Data & AI Platform Services;https://galenica.atlassian.net/servicedesk/customer/portal/33/group/37/create/78;GCA EDW (Enterprise Data Warehouse);GCA EDW (Enterprise Data Warehouse);GCA EDW (Enterprise Data Warehouse);GCA EDW (Data Warehouse aziendale)
Data & AI Platform Services;https://galenica.atlassian.net/servicedesk/customer/portal/33/group/37/create/78;GCA Data Streaming;GCA Data Streaming;GCA Data Streaming;GCA Data Streaming
DevStack & App Integration Services;https://galenica.atlassian.net/servicedesk/customer/portal/24/group/24/create/55;GaaS (Galenica as a Service);GaaS (Galenica as a Service);GaaS (Galenica as a Service);GaaS (Galenica as a Service)
DevStack & App Integration Services;https://galenica.atlassian.net/servicedesk/customer/portal/24/group/24/create/55;APIs / API Management;APIs / API-Management;APIs / API Management;API / Gestione API
DevStack & App Integration Services;https://galenica.atlassian.net/servicedesk/customer/portal/24/group/24/create/55;Event Hubs / Kafka;Event Hubs / Kafka;Event Hubs / Kafka;Hub eventi / Kafka
DevStack & App Integration Services;https://galenica.atlassian.net/servicedesk/customer/portal/24/group/24/create/55;DevHub;DevHub;DevHub;DevHub
DevStack & App Integration Services;https://galenica.atlassian.net/servicedesk/customer/portal/24/group/24/create/55;DevStack / Technology Landscape;DevStack / Technologielandschaft;DevStack / Technology Landscape;DevStack / Panorama tecnologico
DevStack & App Integration Services;https://galenica.atlassian.net/servicedesk/customer/portal/24/group/24/create/55;DevTools;DevTools;DevTools;Strumenti di sviluppo
DevStack & App Integration Services;https://galenica.atlassian.net/servicedesk/customer/portal/24/group/24/create/55;Application Integration / Interfaces;Anwendungsintegration / Schnittstellen;Application Integration / Interfaces;Integrazione applicazioni / Interfacce
E2E (Physical Pharmacy) Services;https://galenica.atlassian.net/servicedesk/customer/portal/34/group/38/create/79;TriaFin;TriaFin;TriaFin;TriaFin
E2E (Physical Pharmacy) Services;https://galenica.atlassian.net/servicedesk/customer/portal/34/group/38/create/79;TriaFact;TriaFact;TriaFact;TriaFact
E2E (Physical Pharmacy) Services;https://galenica.atlassian.net/servicedesk/customer/portal/34/group/38/create/79;TriaScan;TriaScan;TriaScan;TriaScan
E2E (Physical Pharmacy) Services;https://galenica.atlassian.net/servicedesk/customer/portal/34/group/38/create/79;TriaPharm Pricing;TriaPharm Preise;TriaPharm Pricing;Prezzi TriaPharm
E2E (Physical Pharmacy) Services;https://galenica.atlassian.net/servicedesk/customer/portal/34/group/38/create/79;TriaPharm PharmIndex;TriaPharm PharmIndex;TriaPharm PharmIndex;Pharm PharmIndex
E2E (Physical Pharmacy) Services;https://galenica.atlassian.net/servicedesk/customer/portal/34/group/38/create/79;TriaPharm Address Repository;TriaPharm Adressverwaltung;TriaPharm Address Repository;Archivio indirizzi TriaPharm
E2E (Physical Pharmacy) Services;https://galenica.atlassian.net/servicedesk/customer/portal/34/group/38/create/79;Comptabilité;Buchhaltung;Accounting;Contabilità
E2E (Physical Pharmacy) Services;https://galenica.atlassian.net/servicedesk/customer/portal/34/group/38/create/79;Inventaire;Inventar;Inventory;Inventario
E2E (Physical Pharmacy) Services;https://galenica.atlassian.net/servicedesk/customer/portal/34/group/38/create/79;Importation des données de PharmIndex;PharmIndex-Daten importieren;Importing PharmIndex Data;Importazione dati PharmIndex
E2E (Physical Pharmacy) Services;https://galenica.atlassian.net/servicedesk/customer/portal/34/group/38/create/79;Catégorisation et tarification des articles;Artikel kategorisieren und bepreisen;Item Categorization and Pricing;Categorizzazione e prezzi degli articoli
E2E (Physical Pharmacy) Services;https://galenica.atlassian.net/servicedesk/customer/portal/34/group/38/create/79;Numérisation des documents des patients;Patientendokumente digitalisieren;Digitizing Patient Documents;Digitalizzazione dei documenti dei pazienti
E2E (Physical Pharmacy) Services;https://galenica.atlassian.net/servicedesk/customer/portal/34/group/38/create/79;Synchronisation des adresses des clients entre les pharmacies et le BSI CRM;Kundenadressen zwischen Apotheken und BSI CRM synchronisieren;Synchronizing Customer Addresses between Pharmacies and BSI CRM;Sincronizzazione degli indirizzi dei clienti tra farmacie e BSI CRM
Enterprise Content Management Services;https://galenica.atlassian.net/servicedesk/customer/portal/18/group/28/create/50;Demandes concernant nos solutions ECM pour la numérisation, la gestion des documents et l'optimisation des processus.;Anfragen zu unseren ECM-Lösungen für Digitalisierung, Dokumentenmanagement und Prozessoptimierung.;Update Workload Subscription Information;Richieste relative alle nostre soluzioni ECM per la digitalizzazione, la gestione dei documenti e l'ottimizzazione dei processi.
Foundation Services;https://galenica.atlassian.net/servicedesk/customer/portal/3/group/3/create/35;Update Workload Subscription Information;Informationen zum Workload-Abonnement aktualisieren;Inquiries regarding our ECM solutions for digitization, document management, and process optimization.;Aggiorna le informazioni di sottoscrizione del carico di lavoro
Foundation Services;https://galenica.atlassian.net/servicedesk/customer/portal/3/group/3/create/35;Add Workload Owner;Workload-Besitzer hinzufügen;Add Workload Owner;Aggiungi proprietario del carico di lavoro
Foundation Services;https://galenica.atlassian.net/servicedesk/customer/portal/3/group/3/create/35;Add subnet;Subnetz hinzufügen;Add Subnet;Aggiungi subnet
Foundation Services;https://galenica.atlassian.net/servicedesk/customer/portal/3/group/3/create/35;Delete subnet;Subnetz löschen;Delete Subnet;Elimina subnet
Foundation Services;https://galenica.atlassian.net/servicedesk/customer/portal/3/group/3/create/35;Delete Workload subscription;Workload-Abonnement löschen;Delete Workload Subscription;Elimina sottoscrizione del carico di lavoro
Foundation Services;https://galenica.atlassian.net/servicedesk/customer/portal/3/group/3/create/35;Decommissioning VMs;Außerbetriebnahme von VMs;Decommissioning VMs;Dismissione di VM
Foundation Services;https://galenica.atlassian.net/servicedesk/customer/portal/3/group/3/create/35;Set an Azure resource public;Legen Sie eine Azure-Ressource öffentlich fest;Set an Azure Public Resource;Imposta una risorsa pubblica di Azure
Foundation Services;https://galenica.atlassian.net/servicedesk/customer/portal/3/group/3/create/35;Set up listener;Listener einrichten;Set up a Listener;Imposta un listener
Foundation Services;https://galenica.atlassian.net/servicedesk/customer/portal/3/group/3/create/35;Publier une application Web;Veröffentlichen Sie eine Webanwendung;Publish a Web Application;Pubblica un'applicazione Web
Foundation Services;https://galenica.atlassian.net/servicedesk/customer/portal/3/group/3/create/35;Backup / Restore;Sichern/Wiederherstellen;Backup / Restore;Backup/Ripristino
Foundation Services;https://galenica.atlassian.net/servicedesk/customer/portal/3/group/3/create/61;Nouveau workload Azure Windows;Neue Azure Windows-Workload;New Azure Windows Workload;Nuovo carico di lavoro Windows di Azure
Foundation Services;https://galenica.atlassian.net/servicedesk/customer/portal/3/group/3/create/69;Nouveau serveur Azure Windows;Neuer Azure Windows Server;New Azure Windows Server;Nuovo server Windows di Azure
Foundation Services;https://galenica.atlassian.net/servicedesk/customer/portal/3/group/3/create/92;Firewall Rules & Ports;Firewall-Regeln und Ports;Firewall Rules & Ports;Regole e porte del firewall
Foundation Services;https://galenica.atlassian.net/servicedesk/customer/portal/3/group/3/create/71;Web Domain Registration;Web-Domain-Registrierung;Web Domain Registration;Registrazione del dominio Web
G# Services;https://galenica.atlassian.net/servicedesk/customer/portal/17/group/25/create/49;Nous développons et exploitons le logiciel Triapharm Pharmacy pour l'ensemble de nos 400 pharmacies;Wir entwickeln und betreiben die Triapharm-Apothekensoftware für alle unsere 400 Apotheken;We develop and operate Triapharm Pharmacy software for all 400 of our pharmacies;Sviluppiamo e gestiamo il software Triapharm Pharmacy per tutte le nostre 400 farmacie
Galenica Value Stream Request;https://galenica.atlassian.net/servicedesk/customer/portal/49/group/54/create/162;Demandes de Galenica (problèmes et opportunités) au niveau du portefeuille;Galenica-Anfragen (Issues und Opportunities) auf Portfolioebene;Galenica requests (issues and opportunities) at the portfolio level;Richieste Galenica (problemi e opportunità) a livello di portafoglio
HCI Services;https://galenica.atlassian.net/servicedesk/customer/portal/36/group/40/create/85;Pharma Neue Anmeldung Artikel / MyProducts;Pharma Neuer Anmeldeartikel / MyProducts;Pharma New Article Registration / MyProducts;Registrazione di nuovi articoli farmaceutici / MyProducts
HCI Services;https://galenica.atlassian.net/servicedesk/customer/portal/36/group/40/create/85;MyProducts MA freischalten;MyProducts MA freischalten;MyProducts MA free;MyProducts MA gratuito
HCI Services;https://galenica.atlassian.net/servicedesk/customer/portal/36/group/40/create/85;INDEX Anfrage Vertrag;INDEX Anfrage Vertrag;INDEX Request for Delivery;Richiesta di consegna INDEX
HCI Services;https://galenica.atlassian.net/servicedesk/customer/portal/36/group/40/create/85;Industry Anfrage Vertrag;Industry Anfrage Vertrag;Industry Request for Delivery;Richiesta di consegna per settore
HCI Services;https://galenica.atlassian.net/servicedesk/customer/portal/36/group/40/create/85;INDEX Account-Anmeldung-Download;INDEX Account-Anmeldung-Download;INDEX Account Registration Download;Download della registrazione dell'account INDEX
HCI Services;https://galenica.atlassian.net/servicedesk/customer/portal/36/group/40/create/85;Industrie Rechnung / PO-Nummer;Branchenrechnung / PO-Nummer;Industry Research / PO Number;Ricerca di settore / Numero ordine d'acquisto
HCI Services;https://galenica.atlassian.net/servicedesk/customer/portal/36/group/40/create/85;Industrie Anfrage für Fotostudio;Branchenanfrage für Fotostudio;Industry Request for Photo Studio;Richiesta di settore per studio fotografico
HCI Services;https://galenica.atlassian.net/servicedesk/customer/portal/36/group/40/create/85;Industrie Anfrage CompendiumPortal / FI un PI;Industry Anfrage CompendiumPortal / FI a PI;Industry Request for CompendiumPortal / FI and PI;Richiesta di settore per CompendiumPortal / FI e PI
HCI Services;https://galenica.atlassian.net/servicedesk/customer/portal/36/group/40/create/85;Blankes Ticket;Ticketrohlinge;Blankes Ticket;Ticket Blankes
HCI Services;https://galenica.atlassian.net/servicedesk/customer/portal/36/group/40/create/85;Activation de eRezept;eRezept aktivieren;Activation of eRezept;Attivazione di eRezept
HCI Services;https://galenica.atlassian.net/servicedesk/customer/portal/36/group/40/create/85;INDEX Informations Numéro de facture / bon de commande;INDEX Information Rechnung / PO-Nummer;INDEX Information Invoice/Purchase Order Number;Informazioni INDEX Numero fattura/ordine d'acquisto
HCI Services;https://galenica.atlassian.net/servicedesk/customer/portal/36/group/40/create/85;Demande Academy;Academy Anfrage;Academy Application;Domanda di ammissione all'Accademia
HCI Services;https://galenica.atlassian.net/servicedesk/customer/portal/36/group/40/create/85;Contrat INDEX signé en retour;INDEX Vertrag unterzeichnet retour;Signed INDEX Contract in Return;Contratto INDEX firmato in cambio
HCI Services;https://galenica.atlassian.net/servicedesk/customer/portal/36/group/40/create/85;Contrat industriel signé;Industrie Vertrag unterzeichnet retour;Signed Industrial Contract;Contratto industriale firmato
HCI Services;https://galenica.atlassian.net/servicedesk/customer/portal/36/group/40/create/85;Signature du contrat de la plateforme Documedis;Documedis Plattform Vertrag unterzeichnet retour;Signed Documedis Platform Contract;Contratto piattaforma Documedis firmato
HCI Services;https://galenica.atlassian.net/servicedesk/customer/portal/36/group/40/create/85;Articles sur les nouvelles inscriptions en parapharmacie / MyProducts;Parapharmacy Neue Anmeldung Artikel / MyProducts;Articles on New Parapharmacy Registrations / MyProducts;Articoli sulle nuove registrazioni di parafarmacia / MyProducts
HCI Services;https://galenica.atlassian.net/servicedesk/customer/portal/36/group/40/create/85;Parapharmacie traitant les données existantes / MyProducts;Parapharmacy Bearbeitung bestehende Daten / MyProducts;Parapharmacy Processing Existing Data / MyProducts;Elaborazione dati esistenti in parafarmacia / MyProducts
HCI Services;https://galenica.atlassian.net/servicedesk/customer/portal/36/group/40/create/85;Traitement des données existantes par l'industrie pharmaceutique / MyProducts;Pharma Bearbeitung bestehende Daten / MyProducts;Processing of Existing Data by the Pharmaceutical Industry / MyProducts;Elaborazione dati esistenti da parte dell'industria farmaceutica / MyProducts
HCI Services;https://galenica.atlassian.net/servicedesk/customer/portal/36/group/40/create/85;Informations PharmaVista : numéro de facture/bon de commande;PharmaVista Information Rechnung / PO-Nummer;PharmaVista Information: Invoice/Purchase Order Number;Informazioni su PharmaVista: Numero di fattura/ordine d'acquisto
HCI Services;https://galenica.atlassian.net/servicedesk/customer/portal/36/group/40/create/85;Compte PharmaVista;PharmaVista Account;PharmaVista Account;Account PharmaVista
HCI Services;https://galenica.atlassian.net/servicedesk/customer/portal/36/group/40/create/85;Contenu / Application PharmaVista;PharmaVista Inhalt / Anwendung;PharmaVista Content / Application;Contenuto/applicazione PharmaVista
HCI Services;https://galenica.atlassian.net/servicedesk/customer/portal/36/group/40/create/85;compendium.ch Contenu et application;compendium.ch Inhalt und Anwendung;compendium.ch Content and Application;Contenuto e applicazione di compendium.ch
HCI Services;https://galenica.atlassian.net/servicedesk/customer/portal/36/group/40/create/85;contenu et application du compendiumAPP;compendiumAPP Inhalt un Anwendung;Content and Application of the compendiumAPP;Contenuto e applicazione di compendiumAPP
HCI Services;https://galenica.atlassian.net/servicedesk/customer/portal/36/group/40/create/85;Inscription / Compte Swiss-rx-login;Swiss-rx-login Registration / Account;Registration / Account Swiss-rx-login;Registrazione/account Swiss-rx-login
HCI Services;https://galenica.atlassian.net/servicedesk/customer/portal/36/group/40/create/85;Base de données partenaires;Partner Datenbank;Partner Database;Database partner
HCI Services;https://galenica.atlassian.net/servicedesk/customer/portal/36/group/40/create/85;Demande de renseignements sur la vaccination Documedis;Documedis Vaccination Anfrage / Informationen;Documedis Vaccination Information Request;Richiesta informazioni sulla vaccinazione Documedis
HCI Services;https://galenica.atlassian.net/servicedesk/customer/portal/36/group/40/create/85;Contrat de demande de vaccination Documedis;Documedis Vaccination Anfrage Vertrag;Documedis Vaccination Request Contract;Contratto di richiesta vaccinazione Documedis
HCI Services;https://galenica.atlassian.net/servicedesk/customer/portal/36/group/40/create/85;Informations sur l'API / le service Web Documedis;Documedis API / Webservice Informationen;Information on the Documedis API / Web Service;Informazioni sull'API/servizio web Documedis
HCI Services;https://galenica.atlassian.net/servicedesk/customer/portal/36/group/40/create/85;Ordre des dossiers CAP;CAP Ordner Bestellung;CAP File Order;Ordine file CAP
HCI Services;https://galenica.atlassian.net/servicedesk/customer/portal/36/group/40/create/85;Documedis eMediplan;Documedis eMediplan;Documedis eMediplan;Documedis eMediplan
HCI Services;https://galenica.atlassian.net/servicedesk/customer/portal/36/group/40/create/85;Documedis eRezept;Documedis eRezept;Documedis eRezept;Documedis eRezept
HCI Services;https://galenica.atlassian.net/servicedesk/customer/portal/36/group/40/create/85;Index Demande générale Clients finaux;Index Allgemeine Anfragen Endkunden;Index General Inquiry End Customers;Indice - Richiesta generale clienti finali
HCI Services;https://galenica.atlassian.net/servicedesk/customer/portal/36/group/40/create/85;Enquête générale sur l'industrie;Allgemeine Branchenanfrage;General Industry Survey;Sondaggio generale del settore
HCI Services;https://galenica.atlassian.net/servicedesk/customer/portal/36/group/40/create/85;evidisBasic - Demande de contenu;evidisBasic - Content-Anfrage;evidisBasic - Content Request;evidisBasic - Richiesta contenuto
HCI Services;https://galenica.atlassian.net/servicedesk/customer/portal/36/group/40/create/85;Compte netCare;netCare-Konto;netCare Account;Account netCare
HCI Services;https://galenica.atlassian.net/servicedesk/customer/portal/36/group/40/create/85;Compte evidisBasic;evidisBasic-Konto;Account evidisBasic;Account evidisBasic
HCI Services;https://galenica.atlassian.net/servicedesk/customer/portal/36/group/40/create/85;Hotline Demandes générales / Téléphone;Hotline für allgemeine Anfragen / Telefon;General Inquiries Hotline / Phone;Hotline/telefono per richieste generali
HCI Services;https://galenica.atlassian.net/servicedesk/customer/portal/36/group/40/create/85;Hotline Demande générale / Courriel;Hotline für allgemeine Anfragen / E-Mail;General Inquiries Hotline / Email;Hotline per richieste generali / Email
HCI Services;https://galenica.atlassian.net/servicedesk/customer/portal/36/group/40/create/85;Doc E-Mail;Doc-E-Mail;Doc Email;Email Doc
HCI Services;https://galenica.atlassian.net/servicedesk/customer/portal/36/group/40/create/85;Paradoc E-Mail;Paradoc-E-Mail;Paradoc Email;Email Paradoc
HCI Services;https://galenica.atlassian.net/servicedesk/customer/portal/36/group/40/create/165;INDEX;INDEX;INDEX;INDEX
HCI Services;https://galenica.atlassian.net/servicedesk/customer/portal/36/group/40/create/165;MonCatalogue;Mein Katalog;MyCatalog;MyCatalog
HCI Services;https://galenica.atlassian.net/servicedesk/customer/portal/36/group/40/create/165;Documedis;Documedis;Documedis;Documedis
HCI Services;https://galenica.atlassian.net/servicedesk/customer/portal/36/group/40/create/165;MyProducts;Meine Produkte;MyProducts;MyProducts
HCI Services;https://galenica.atlassian.net/servicedesk/customer/portal/36/group/40/create/165;ProductPlus;ProductPlus;ProductPlus;ProductPlus
HCI Services;https://galenica.atlassian.net/servicedesk/customer/portal/36/group/40/create/165;PharmaVista;PharmaVista;PharmaVista;PharmaVista
IBS Services;https://galenica.atlassian.net/servicedesk/customer/portal/25/group/30/create/103;Droit d'accès IBS;IBS-Zugriffsrechte;IBS Access Rights;Diritti di accesso IBS
IBS Services;https://galenica.atlassian.net/servicedesk/customer/portal/25/group/30/create/56;IBS (Galexis ERP);IBS (Galexis ERP);IBS (Galexis ERP);IBS (Galexis ERP)
ICTS Services;https://galenica.atlassian.net/servicedesk/customer/portal/7/group/10/create/87;Article manquant dans LENI;Fehlender Artikel in LENI;Missing Item in LENI;Elemento mancante in LENI
ICTS Services;https://galenica.atlassian.net/servicedesk/customer/portal/7/group/10/create/94;Onboarding des employés;Mitarbeiter-Onboarding;Employee Onboarding;Onboarding dei dipendenti
ICTS Services;https://galenica.atlassian.net/servicedesk/customer/portal/7/group/10/create/181;Demande de software;Softwareanfrage;Software Request;Richiesta software
Incident Management Services;https://galenica.atlassian.net/servicedesk/customer/portal/23/group/42/create/746;Incident ICT Support;IKT-Support-Vorfall;ICT Support Incident;Incidente di supporto ICT
Incident Management Services;https://galenica.atlassian.net/servicedesk/customer/portal/23/group/42/create/58;Incident Pharmacy Support;Apotheken-Support-Vorfall;Pharmacy Support Incident;Incidente di supporto in farmacia
Information Security Services;https://galenica.atlassian.net/servicedesk/customer/portal/11/group/15/create/36;Gouvernance et sécurité informatique;IT-Governance und -Sicherheit;IT Governance and Security;Governance e sicurezza IT
Information Security Services;https://galenica.atlassian.net/servicedesk/customer/portal/11/group/15/create/36;demander une consultation auprès de l'équipe INFOSEC;Beratung durch das INFOSEC-Team anfordern;Request a consultation with the INFOSEC team;Richiedi una consulenza con il team INFOSEC
Information Security Services;https://galenica.atlassian.net/servicedesk/customer/portal/11/group/15/create/180;Rapport de Vulnérabilité;Schwachstellenbericht;Vulnerability Report;Rapporto sulle vulnerabilità
Information Security Services;https://galenica.atlassian.net/servicedesk/customer/portal/11/group/15/create/449;Signaler un site web bloqué;Blockierte Website melden;Report a blocked website;Segnala un sito web bloccato
Medifilm Services;https://galenica.atlassian.net/servicedesk/customer/portal/27/group/20/create/62;Mediproc - Medifilm ERP;Mediproc - Medifilm ERP;Mediproc - Medifilm ERP;Mediproc - Medifilm ERP
Medifilm Services;https://galenica.atlassian.net/servicedesk/customer/portal/27/group/20/create/62;DDI - Verblisterungssystem DDI;DDI - DDI-Blistersystem;DDI - DDI Blisterungssystem;DDI - Sistema di blistering DDI
Medifilm Services;https://galenica.atlassian.net/servicedesk/customer/portal/27/group/20/create/62;JVM - Verblisterungssystem JVM;JVM - JVM-Blistersystem;JVM - JVM Blisterungssystem;JVM - Sistema di blistering JVM
Medifilm Services;https://galenica.atlassian.net/servicedesk/customer/portal/27/group/20/create/62;ZIUZ - Qualitätskontrollsystem ZIUZ;ZIUZ - Qualitätskontrollsystem ZIUZ;ZIUZ - ZIUZ Quality Control System;ZIUZ - Sistema di controllo qualità ZIUZ
Medifilm Services;https://galenica.atlassian.net/servicedesk/customer/portal/27/group/20/create/62;Qlik Medifilm - BI-System;Qlik Medifilm - BI-System;Qlik Medifilm - BI System;Qlik Medifilm - Sistema di BI
P&C Applications Services;https://galenica.atlassian.net/servicedesk/customer/portal/42/group/46/create/100;Produit Personnes & Culture;Produkt „People & Culture“;People & Culture Product;Prodotto People & Culture
P&C Applications Services;https://galenica.atlassian.net/servicedesk/customer/portal/42/group/46/create/100;Outil RH;HR-Tool;HR Tool;Strumento HR
P&C Applications Services;https://galenica.atlassian.net/servicedesk/customer/portal/42/group/46/create/100;Success Factors;Erfolgsfaktoren;Success Factors;Fattori di successo
P&C Applications Services;https://galenica.atlassian.net/servicedesk/customer/portal/42/group/46/create/100;Calitime;Calitime;Calitime;Calitime
P&C Applications Services;https://galenica.atlassian.net/servicedesk/customer/portal/42/group/46/create/100;PEP;PEP;PEP;PEP
P&C Applications Services;https://galenica.atlassian.net/servicedesk/customer/portal/42/group/46/create/100;Timetool;Timetool;Timetool;Timetool
P&C Applications Services;https://galenica.atlassian.net/servicedesk/customer/portal/42/group/46/create/100;KnowBe4;KnowBe4;KnowBe4;KnowBe4
P&C Applications Services;https://galenica.atlassian.net/servicedesk/customer/portal/42/group/46/create/100;Moodle;Moodle;Moodle;Moodle
P&C Applications Services;https://galenica.atlassian.net/servicedesk/customer/portal/42/group/46/create/100;Incamail;Incamail;Incamail;Incamail
P&C Applications Services;https://galenica.atlassian.net/servicedesk/customer/portal/42/group/46/create/100;Umantis Applicant Management;Umantis Bewerbermanagement;Umantis Applicant Management;Gestione dei candidati Umantis
P&C Applications Services;https://galenica.atlassian.net/servicedesk/customer/portal/42/group/46/create/100;Umantis Dialog;Umantis Dialog;Umantis Dialog;Dialogo Umantis
Partner Integration & eBIP;https://galenica.atlassian.net/servicedesk/customer/portal/13/group/16/create/44;JSM Échange de données (Outbounds, Inbounds);JSM Datenaustausch (Outbounds, Inbounds);JSM Data Exchange (Outbounds, Inbounds);Scambio dati JSM (in uscita, in entrata)
Partner Integration & eBIP;https://galenica.atlassian.net/servicedesk/customer/portal/13/group/16/create/44;JSM Rapports;JSM Reports;JSM Reports;Report JSM
Partner Integration & eBIP;https://galenica.atlassian.net/servicedesk/customer/portal/13/group/16/create/44;JSM Interface XML POS;JSM POS XML-Schnittstelle;JSM POS XML Interface;Interfaccia XML JSM POS
Partner Integration & eBIP;https://galenica.atlassian.net/servicedesk/customer/portal/13/group/16/create/84;WebClient POS pour le système de test;POS WebClient für das Testsystem;POS WebClient for the Test System;WebClient POS per il sistema di test
Partner Integration & eBIP;https://galenica.atlassian.net/servicedesk/customer/portal/13/group/16/create/83;Permissions SPED (Portail de support pour l'échange de données électroniques);SPED-Berechtigungen (Support-Portal für elektronischen Datenaustausch);SPED Permissions (Support Portal for Electronic Data Exchange);Autorizzazioni SPED (portale di supporto per lo scambio elettronico di dati)
Pharmacy Expansion Services;https://galenica.atlassian.net/servicedesk/customer/portal/51/group/56/create/173;Intégration et/ou la transformation des pharmacies dans le monde de GaleniCare et de Coop Vitality du point de vue des logiciels.;Integration und/oder Transformation von Apotheken in die GaleniCare- und Coop Vitality-Welt aus Software-Sicht.;Integration and/or transformation of pharmacies worldwide with GaleniCare and Coop Vitality from a software perspective.;Integrazione e/o trasformazione delle farmacie in tutto il mondo con GaleniCare e Coop Vitality dal punto di vista software.
Platform Services;https://galenica.atlassian.net/servicedesk/customer/portal/12/group/14/create/41;Platesformes CI/CD (Gitlab et Azure Devops);CI/CD-Plattformen (Gitlab und Azure DevOps);CI/CD Platforms (Gitlab and Azure DevOps);Piattaforme CI/CD (Gitlab e Azure DevOps)
Platform Services;https://galenica.atlassian.net/servicedesk/customer/portal/12/group/14/create/41;Administration des conteneurs (AKS);Containerverwaltung (AKS);Container Management (AKS);Gestione dei container (AKS)
Platform Services;https://galenica.atlassian.net/servicedesk/customer/portal/12/group/14/create/41;Observabilité et surveillance (Newrelic);Beobachtbarkeit und Überwachung (Newrelic);Observability and Monitoring (Newrelic);Osservabilità e monitoraggio (Newrelic)
Platform Services;https://galenica.atlassian.net/servicedesk/customer/portal/12/group/14/create/41;Éléments de base d'Azure (DevTest Labs, Log analytics, Site recovery, Automation);Azure-Grundlagen (DevTest Labs, Log Analytics, Site Recovery, Automatisierung);Azure Foundations (DevTest Labs, Log Analytics, Site Recovery, Automation);Azure Foundations (DevTest Labs, Log Analytics, Site Recovery, Automazione)
R2D2 Services;https://galenica.atlassian.net/servicedesk/customer/portal/22/group/32/create/52;CCC Email Classification (R2D2 Product);CCC-E-Mail-Klassifizierung (R2D2-Produkt);CCC Email Classification (R2D2 Product);Classificazione email CCC (Prodotto R2D2)
R2D2 Services;https://galenica.atlassian.net/servicedesk/customer/portal/22/group/32/create/52;Categorizer (R2D2 Product);Kategorisierung (R2D2-Produkt);Categorizer (R2D2 Product);Categorizzatore (Prodotto R2D2)
R2D2 Services;https://galenica.atlassian.net/servicedesk/customer/portal/22/group/32/create/52;Recommender (R2D2 Product);Empfehlung (R2D2-Produkt);Recommender (R2D2 Product);Recommender (Prodotto R2D2)
R2D2 Services;https://galenica.atlassian.net/servicedesk/customer/portal/22/group/32/create/52;New LoRe (R2D2 Project);New LoRe (R2D2-Projekt);New LoRe (R2D2 Project);New LoRe (Progetto R2D2)
R2D2 Services;https://galenica.atlassian.net/servicedesk/customer/portal/22/group/32/create/52;GenAI Chatbot (R2D2 Project);GenAI-Chatbot (R2D2-Projekt);GenAI Chatbot (R2D2 Project);GenAI Chatbot (Progetto R2D2)
R2D2 Services;https://galenica.atlassian.net/servicedesk/customer/portal/22/group/32/create/52;nouveaux produits d'IA/ML;Neue KI/ML-Produkte;New AI/ML Products;Nuovi prodotti AI/ML
R2D2 Services;https://galenica.atlassian.net/servicedesk/customer/portal/22/group/32/create/52;intelligence artificielle;Künstliche Intelligenz;Artificial Intelligence;Intelligenza artificiale
SAP Services;https://galenica.atlassian.net/servicedesk/customer/portal/10/group/12/create/34;SAP Enterprise Ressource Planning (ERP);SAP Enterprise Resource Planning (ERP);SAP Enterprise Resource Planning (ERP);SAP Enterprise Resource Planning (ERP)
SAP Services;https://galenica.atlassian.net/servicedesk/customer/portal/10/group/12/create/34;SAP Processus finance et contrôle (R2R);SAP Finanz- und Controllingprozesse (R2R);SAP Finance and Controlling Processes (R2R);Processi SAP Finance and Controlling (R2R)
SAP Services;https://galenica.atlassian.net/servicedesk/customer/portal/10/group/12/create/34;SAP Gestion du matériel, logistique et processus vente (P2O, O2C);SAP Material-, Logistik- und Vertriebsprozesse (P2O, O2C);SAP Materials, Logistics, and Sales Processes (P2O, O2C);Processi SAP Materials, Logistics e Sales (P2O, O2C)
SAP Services;https://galenica.atlassian.net/servicedesk/customer/portal/10/group/12/create/34;SAP Gestion du transport (TM);SAP Transportmanagement (TM);SAP Transportation Management (TM);SAP Transportation Management (TM)
SAP Services;https://galenica.atlassian.net/servicedesk/customer/portal/10/group/12/create/34;SAP Gestion de la qualité (QM);SAP Qualitätsmanagement (QM);SAP Quality Management (QM);SAP Quality Management (QM)
SAP Services;https://galenica.atlassian.net/servicedesk/customer/portal/10/group/12/create/34;SAP Gestion des ressources humaines (HCM) avec People Admin and Payroll;SAP Personalmanagement (HCM) mit Personalverwaltung und Gehaltsabrechnung;SAP Human Resource Management (HCM) with People Admin and Payroll;SAP Human Resource Management (HCM) con People Admin e Payroll
SAP Services;https://galenica.atlassian.net/servicedesk/customer/portal/10/group/12/create/34;SAP Extended Warehouse Management (EWM) (gestion étendue des entrepôts);SAP Extended Warehouse Management (EWM);SAP Extended Warehouse Management (EWM);SAP Extended Warehouse Management (EWM)
SAP Services;https://galenica.atlassian.net/servicedesk/customer/portal/10/group/12/create/34;SAP Processus d'entrée;SAP Wareneingangsprozesse;SAP Inbound Processes;Processi SAP Inbound
SAP Services;https://galenica.atlassian.net/servicedesk/customer/portal/10/group/12/create/34;SAP Entreposage;SAP Lagerhaltung;SAP Warehousing;SAP Warehousing
SAP Services;https://galenica.atlassian.net/servicedesk/customer/portal/10/group/12/create/34;SAP Processus de sortie;SAP Warenausgangsverarbeitung;SAP Outbound Processing;SAP Outbound Elaborazione
SAP Services;https://galenica.atlassian.net/servicedesk/customer/portal/10/group/12/create/34;SAP BTP;SAP Bauwesen;SAP Construction;SAP Construction
SAP Services;https://galenica.atlassian.net/servicedesk/customer/portal/10/group/12/create/34;SAP Développement d'interfaces;SAP Schnittstellenentwicklung;SAP Interface Development;Sviluppo dell'interfaccia SAP
SAP Services;https://galenica.atlassian.net/servicedesk/customer/portal/10/group/12/create/34;SAP Services généraux du BTP;SAP Allgemeine Baudienstleistungen;SAP General Construction Services;Servizi di costruzione generale SAP
SAP Services;https://galenica.atlassian.net/servicedesk/customer/portal/10/group/12/create/34;Développement ABAP et UI5 (Fiori);ABAP- und UI5 (Fiori)-Entwicklung;ABAP and UI5 (Fiori) Development;Sviluppo ABAP e UI5 (Fiori)
SAP Services;https://galenica.atlassian.net/servicedesk/customer/portal/10/group/12/create/68;Droits d'accès SAP;SAP-Zugriffsrechte;SAP Access Rights;Diritti di accesso SAP
Service4You Services;https://galenica.atlassian.net/servicedesk/customer/portal/2/group/2/create/416;Commander une licence LeanIX;Bestellen Sie eine LeanIX-Lizenz;Order a LeanIX License;Ordina una licenza LeanIX
Service4You Services;https://galenica.atlassian.net/servicedesk/customer/portal/2/group/2/create/21;Jira;Jira;Jira;Jira
Service4You Services;https://galenica.atlassian.net/servicedesk/customer/portal/2/group/2/create/21;Confluence;Zusammenfluss;Confluence;Confluence
Service4You Services;https://galenica.atlassian.net/servicedesk/customer/portal/2/group/2/create/21;Jira Service Management (JSM);Jira Service Management (JSM);Jira Service Management (JSM);Jira Service Management (JSM)
Service4You Services;https://galenica.atlassian.net/servicedesk/customer/portal/2/group/2/create/21;LeanIX;LeanIX;LeanIX;LeanIX
Service4You Services;https://galenica.atlassian.net/servicedesk/customer/portal/2/group/2/create/21;Coupa;Coupa;Coupa;Coupa
Service4You Services;https://galenica.atlassian.net/servicedesk/customer/portal/2/group/2/create/21;Robotic Process Automation (RPA);Robotic Process Automation (RPA);Robotic Process Automation (RPA);Automazione Robotica dei Processi (RPA)
Service4You Services;https://galenica.atlassian.net/servicedesk/customer/portal/2/group/2/create/3;Commander un projet Jira;Jira-Projekt bestellen;Order a Jira project;Ordina un progetto Jira
Service4You Services;https://galenica.atlassian.net/servicedesk/customer/portal/2/group/2/create/3;Commander un espace Confluence;Confluence-Bereich bestellen;Order a Confluence space;Ordina uno spazio Confluence
Service4You Services;https://galenica.atlassian.net/servicedesk/customer/portal/2/group/2/create/95;Feedback LENI;LENI-Feedback;LENI feedback;Feedback LENI
Service4You Services;https://galenica.atlassian.net/servicedesk/customer/portal/2/group/2/create/184;Commander une nouvelle licence Atlassian;Neue Atlassian-Lizenz bestellen;Order a new Atlassian license;Ordina una nuova licenza Atlassian
Service4You Services;https://galenica.atlassian.net/servicedesk/customer/portal/2/group/2/create/614;Commander un accès COUPA;COUPA-Zugang bestellen;Order COUPA access;Ordina l'accesso COUPA
Support Pharmacy Services;https://galenica.atlassian.net/servicedesk/customer/portal/26/group/39/create/59;ActivePOS;ActivePOS;ActivePOS;ActivePOS
Support Pharmacy Services;https://galenica.atlassian.net/servicedesk/customer/portal/26/group/39/create/59;ActiveSTOCK;ActiveSTOCK;ActiveSTOCK;ActiveSTOCK
Support Pharmacy Services;https://galenica.atlassian.net/servicedesk/customer/portal/26/group/39/create/59;Circuit marchandise;Warenfluss;Merchandise flow;Flusso merci
Support Pharmacy Services;https://galenica.atlassian.net/servicedesk/customer/portal/26/group/39/create/59;Facturation caisse maladie;Krankenversicherungsabrechnung;Health insurance invoicing;Fatturazione assicurazione sanitaria
Support Pharmacy Services;https://galenica.atlassian.net/servicedesk/customer/portal/26/group/39/create/59;Formation triapharm;Triapharm-Schulung;Triapharm training;Formazione Triapharm
Support Pharmacy Services;https://galenica.atlassian.net/servicedesk/customer/portal/26/group/39/create/59;triapharm;Triapharm;Triapharm;Triapharm
Team Nexus Services;https://galenica.atlassian.net/servicedesk/customer/portal/43/group/47/create/109;Webshop SAP CC - Homepage;SAP CC Webshop – Startseite;SAP CC Webshop - Homepage;SAP CC Webshop - Homepage
Team Nexus Services;https://galenica.atlassian.net/servicedesk/customer/portal/43/group/47/create/109;Webshop SAP CC - Recherche de pharmacie;SAP CC Webshop – Apothekensuche;SAP CC Webshop - Pharmacy search;SAP CC Webshop - Ricerca farmacie
Team Nexus Services;https://galenica.atlassian.net/servicedesk/customer/portal/43/group/47/create/109;Webshop SAP CC - Header;SAP CC Webshop – Header;SAP CC Webshop - Header;SAP CC Webshop - Intestazione
Team Nexus Services;https://galenica.atlassian.net/servicedesk/customer/portal/43/group/47/create/109;Webshop SAP CC - Footer;SAP CC Webshop – Footer;SAP CC Webshop - Footer;SAP CC Webshop - Piè di pagina
Team Nexus Services;https://galenica.atlassian.net/servicedesk/customer/portal/43/group/47/create/109;Webshop SAP CC - SmartEdit-Inhalte pour promouvoir Healthcare Bookings;SAP CC Webshop – SmartEdit-Inhalte zur Förderung von Gesundheitsbuchungen;SAP CC Webshop - SmartEdit content to promote Healthcare Bookings;SAP CC Webshop - Contenuti SmartEdit per promuovere le prenotazioni sanitarie
Team Nexus Services;https://galenica.atlassian.net/servicedesk/customer/portal/43/group/47/create/109;Gestionnaire d'ordonnances (PSM - rx.amavita.ch / rx.sunstore.ch / rx.coopvitality.ch );Rezeptmanager (PSM – rx.amavita.ch / rx.sunstore.ch / rx.coopvitality.ch);Prescription manager (PSM - rx.amavita.ch / rx.sunstore.ch / rx.coopvitality.ch);Gestore delle prescrizioni (PSM - rx.amavita.ch / rx.sunstore.ch / rx.coopvitality.ch)
Team SEARCH Services;https://galenica.atlassian.net/servicedesk/customer/portal/48/group/52/create/159;Webshop SEARCH;Webshop-Suche;Webshop SEARCH;RICERCA nel Webshop
TriaPharm DevOps Services;https://galenica.atlassian.net/servicedesk/customer/portal/29/group/33/create/74;Déploiement de Triapharm;Triapharm-Bereitstellung;Triapharm deployment;Implementazione Triapharm
TriaPharm DevOps Services;https://galenica.atlassian.net/servicedesk/customer/portal/29/group/33/create/74;Infrastructure cloud de Triapharm (serveurs de pharmacie / serveurs REF / serveurs de test ou de formation);Triapharm-Cloud-Infrastruktur (Apothekenserver / REF-Server / Test- oder Schulungsserver);Triapharm cloud infrastructure (pharmacy servers / REF servers / test or training servers);Infrastruttura cloud Triapharm (server di farmacia / server REF / server di test o formazione)
TriaPharm DevOps Services;https://galenica.atlassian.net/servicedesk/customer/portal/29/group/33/create/74;Pipelines CI/CD de Triapharm;Triapharm CI/CD-Pipelines;Triapharm CI/CD pipelines;Pipeline CI/CD Triapharm
TriaPharm DevOps Services;https://galenica.atlassian.net/servicedesk/customer/portal/29/group/33/create/74;Surveillance des serveurs et des applications de Triapharm dans NewRelic;Überwachung von Triapharm-Servern und -Anwendungen in NewRelic;Monitoring of Triapharm servers and applications in NewRelic;Monitoraggio dei server e delle applicazioni Triapharm in NewRelic
TriaPharm DevOps Services;https://galenica.atlassian.net/servicedesk/customer/portal/29/group/33/create/74;Outils pour la migration des pharmacies;Tools zur Apothekenmigration;Pharmacy Migration Tools;Strumenti di migrazione per farmacie
TriaPharm DevOps Services;https://galenica.atlassian.net/servicedesk/customer/portal/29/group/33/create/74;Outils pour l'archivage des pharmacies.;Tools zur Apothekenarchivierung;Pharmacy Archiving Tools;Strumenti di archiviazione per farmacie
UMB Collab;https://galenica.atlassian.net/servicedesk/customer/portal/39/group/57/create/251;UMB Backup;UMB Backup;UMB Backup;UMB Backup
UMB Collab;https://galenica.atlassian.net/servicedesk/customer/portal/39/group/57/create/251;UMB Cloud Microsoft Azure;UMB Cloud Microsoft Azure;UMB Cloud Microsoft Azure;UMB Cloud Microsoft Azure
UMB Collab;https://galenica.atlassian.net/servicedesk/customer/portal/39/group/57/create/251;UMB Core-Network;UMB Kernnetzwerk;UMB Core Network;UMB Core Network
UMB Collab;https://galenica.atlassian.net/servicedesk/customer/portal/39/group/57/create/251;UMB Field Services;UMB Außendienst;UMB Field Services;UMB Field Services
UMB Collab;https://galenica.atlassian.net/servicedesk/customer/portal/39/group/57/create/251;UMB Linux OS;UMB Linux OS;UMB Linux OS;UMB Linux OS
UMB Collab;https://galenica.atlassian.net/servicedesk/customer/portal/39/group/57/create/251;UMB Plattform IBM Power;UMB Plattform IBM Power;UMB Platform IBM Power;UMB Platform IBM Power
UMB Collab;https://galenica.atlassian.net/servicedesk/customer/portal/39/group/57/create/251;UMB Security;UMB Sicherheit;UMB Security;UMB Security
UMB Collab;https://galenica.atlassian.net/servicedesk/customer/portal/39/group/57/create/251;UMB Storage;UMB Speicher;UMB Storage;UMB Storage
UMB Collab;https://galenica.atlassian.net/servicedesk/customer/portal/39/group/57/create/251;UMB Virtualization;UMB Virtualisierung;UMB Virtualization;UMB Virtualization
Web Defenders Services;https://galenica.atlassian.net/servicedesk/customer/portal/20/group/29/create/51;Order Hub;Order Hub;Order Hub;Order Hub
Web Defenders Services;https://galenica.atlassian.net/servicedesk/customer/portal/20/group/29/create/51;User Interaction Microservice;Microservice für Benutzerinteraktion;User Interaction Microservice;Microservizio di interazione utente
Web Defenders Services;https://galenica.atlassian.net/servicedesk/customer/portal/20/group/29/create/51;Sunclub Loyalty;Sunclub Loyalty;Sunclub Loyalty;Sunclub Loyalty
Web Services;https://galenica.atlassian.net/servicedesk/customer/portal/4/group/6/create/45;CMS Weblication;CMS Weblication;CMS Weblication;CMS Weblication
Web Services;https://galenica.atlassian.net/servicedesk/customer/portal/4/group/6/create/45;Matomo;Matomo;Matomo;Matomo
Web Services;https://galenica.atlassian.net/servicedesk/customer/portal/4/group/6/create/45;Revive Ad-Server;Revive Ad Server;Revive Ad Server;Revive Ad Server
Web Services;https://galenica.atlassian.net/servicedesk/customer/portal/4/group/6/create/45;Change-Deployment;Deployment ändern;Change Deployment;Change Deployment
Web Services;https://galenica.atlassian.net/servicedesk/customer/portal/4/group/6/create/45;IT-Shop;IT Shop;IT Shop;IT Shop
Web Services;https://galenica.atlassian.net/servicedesk/customer/portal/4/group/6/create/45;Gestion des notes;Notizverwaltung;Note Management;Note Management
Web Services;https://galenica.atlassian.net/servicedesk/customer/portal/4/group/6/create/45;Jeux et campagnes sur G-Net;Spiele und Kampagnen im G-Net;Games and Campaigns on G-Net;Giochi e campagne su G-Net
Web Services;https://galenica.atlassian.net/servicedesk/customer/portal/4/group/6/create/20;Autorisations CMS;CMS-Berechtigungen;CMS Permissions;Autorizzazioni CMS
